time	VISdiode
3e-05	0.012817
4e-05	0.01236
5e-05	0.011597
